paper_id,label,predicted
2400.10000,1,1
2401.11111,1,1
2402.12222,1,1
2403.13333,1,1
2404.14444,1,1
2405.15555,1,1
2406.16666,1,1
2407.17777,1,1
2408.18888,1,1
2409.19999,1,1
2410.21110,1,1
2411.22221,1,1
2412.23332,1,1
2413.24443,1,1
2414.25554,1,1
